{"cameraMode":{"drawMode":0,"name":"Shaded","section":"Shading Mode"},"sceneLighting":true,"audioPlay":false,"sceneViewState":{"m_AlwaysRefresh":false,"showFog":true,"showSkybox":true,"showFlares":true,"showImageEffects":true,"showParticleSystems":true,"showVisualEffectGraphs":true,"m_FxEnabled":true},"in2DMode":false,"pivot":{"x":-1.3926565647125245,"y":1.4966810941696168,"z":-3.9901647567749025},"rotation":{"x":0.5651295781135559,"y":-0.024741241708397867,"z":0.016958940774202348,"w":0.8244578242301941},"size":1.8607275485992432,"orthographic":true}