{"cameraMode":{"drawMode":0,"name":"Shaded","section":"Shading Mode"},"sceneLighting":false,"audioPlay":false,"sceneViewState":{"m_AlwaysRefresh":false,"showFog":true,"showSkybox":false,"showFlares":true,"showImageEffects":true,"showParticleSystems":true,"showVisualEffectGraphs":true,"m_FxEnabled":true},"in2DMode":false,"pivot":{"x":-0.010336644947528839,"y":-0.01666472852230072,"z":-0.013246893882751465},"rotation":{"x":0.20075541734695435,"y":-0.10848883539438248,"z":0.02237575501203537,"w":0.9733587503433228},"size":0.20573116838932038,"orthographic":false}