{"cameraMode":{"drawMode":0,"name":"Shaded","section":"Shading Mode"},"sceneLighting":false,"audioPlay":false,"sceneViewState":{"m_AlwaysRefresh":false,"showFog":true,"showSkybox":false,"showFlares":true,"showImageEffects":true,"showParticleSystems":true,"showVisualEffectGraphs":true,"m_FxEnabled":true},"in2DMode":false,"pivot":{"x":0.11010634899139404,"y":-0.28492283821105959,"z":0.16179382801055909},"rotation":{"x":0.3934805989265442,"y":0.4495530426502228,"z":-0.23028264939785005,"w":0.7681441903114319},"size":0.5057311654090881,"orthographic":false}