{"cameraMode":{"drawMode":0,"name":"Shaded","section":"Shading Mode"},"sceneLighting":false,"audioPlay":false,"sceneViewState":{"m_AlwaysRefresh":false,"showFog":false,"showSkybox":false,"showFlares":false,"showImageEffects":false,"showParticleSystems":false,"showVisualEffectGraphs":true,"m_FxEnabled":true},"in2DMode":false,"pivot":{"x":-7.152557373046875e-7,"y":0.9864351153373718,"z":0.014543503522872925},"rotation":{"x":0.30138155817985537,"y":-0.5960438847541809,"z":0.2572175860404968,"w":0.6983844637870789},"size":1.3755548000335694,"orthographic":false}