{"cameraMode":{"drawMode":0,"name":"Shaded","section":"Shading Mode"},"sceneLighting":false,"audioPlay":false,"sceneViewState":{"m_AlwaysRefresh":false,"showFog":true,"showSkybox":false,"showFlares":true,"showImageEffects":true,"showParticleSystems":true,"showVisualEffectGraphs":true,"m_FxEnabled":true},"in2DMode":false,"pivot":{"x":0.8599064350128174,"y":1.2819925546646119,"z":0.7941020131111145},"rotation":{"x":0.08375543355941773,"y":0.23971813917160035,"z":-0.02076275274157524,"w":0.9670005440711975},"size":2.095545768737793,"orthographic":true}