{"cameraMode":{"drawMode":0,"name":"Shaded","section":"Shading Mode"},"sceneLighting":false,"audioPlay":false,"sceneViewState":{"m_AlwaysRefresh":false,"showFog":true,"showSkybox":false,"showFlares":true,"showImageEffects":true,"showParticleSystems":true,"showVisualEffectGraphs":true,"m_FxEnabled":true},"in2DMode":false,"pivot":{"x":0.008561819791793824,"y":0.3322697579860687,"z":0.011776164174079895},"rotation":{"x":0.05655902996659279,"y":0.9359593391418457,"z":-0.17699481546878816,"w":0.29908815026283266},"size":0.9430234432220459,"orthographic":true}